Date,dem,sell,hvac_HT,hvac_AC,Qwh,bess_UP,ev_UP,buy,pv,wind,chp,bess_DN,ev_DN,nse,bess_SOC,ev_SOC,Gchp,Gabp,Gwh,Lchp,Labp,Lwh,Temp,HVACht,HVACac,CHPht,ABPac,IHGp,IHGl,IHGe,SHG,HWdem,HWns,WHsoc,WHhw,HWchp,dualQ,dualT,dualHW
01/01/2019 01:00,0.5,0.0,1.32,0.0,0.0,0.0,0.0,1.82,0.0,0.0,0.0,0.0,0.0,0.0,0.0,0.0,0.0,0.0,0.0,0.0,0.0,0.0,20.0,3.59,0.0,0.0,0.0,0.2,0.09,0.32,0.0,0.0,0.0,0.0,0.0,0.0,0.18,-0.4545,-0.0
01/01/2019 02:00,0.5,0.0,1.33,0.0,0.0,0.0,0.0,1.83,0.0,0.0,0.0,0.0,0.0,0.0,0.0,0.0,0.0,0.0,0.0,0.0,0.0,0.0,20.0,3.59,0.0,0.0,0.0,0.2,0.09,0.32,0.0,0.0,0.0,0.0,0.0,0.0,0.18,0.4569,-0.0
01/01/2019 03:00,0.5,0.0,1.37,0.0,0.0,0.0,0.0,1.87,0.0,0.0,0.0,0.0,0.0,0.0,0.0,0.0,0.0,0.0,0.0,0.0,0.0,0.0,20.0,3.69,0.0,0.0,0.0,0.2,0.09,0.32,0.0,0.0,0.0,0.0,0.0,0.0,0.18,0.4594,-0.0
01/01/2019 04:00,0.5,0.0,1.42,0.0,0.0,0.0,0.0,1.92,0.0,0.0,0.0,0.0,0.0,0.0,0.0,0.0,0.0,0.0,0.0,0.0,0.0,0.0,20.0,3.79,0.0,0.0,0.0,0.2,0.09,0.32,0.0,0.0,0.0,0.0,0.0,0.0,0.18,0.4619,-0.0
01/01/2019 05:00,0.5,0.0,1.46,0.0,0.0,0.0,0.0,1.96,0.0,0.0,0.0,0.0,0.0,0.0,0.0,0.0,0.0,0.0,0.0,0.0,0.0,0.0,20.0,3.89,0.0,0.0,0.0,0.2,0.09,0.32,0.0,0.0,0.0,0.0,0.0,0.0,0.18,0.4644,-0.0
01/01/2019 06:00,0.8999999999999999,0.0,1.37,0.0,0.0,0.0,0.0,2.27,0.0,0.0,0.0,0.0,0.0,0.0,0.0,0.0,0.0,0.0,0.0,0.0,0.0,0.0,20.0,3.65,0.0,0.0,0.0,0.2,0.27,0.48,0.0,0.0,0.0,0.0,0.0,0.0,0.18,0.4644,-0.0
01/01/2019 07:00,1.7,0.0,1.12,0.0,0.0,0.0,0.0,2.82,0.0,0.0,0.0,0.0,0.0,0.0,0.0,0.0,0.0,0.0,2.57,0.0,0.0,0.0,20.0,2.99,0.0,0.0,0.0,0.2,0.45,0.96,0.0,2.0,0.0,0.0,2.0,0.0,0.18,0.4619,0.0652
01/01/2019 08:00,1.7,0.0,1.07,0.0,0.0,0.0,0.0,2.77,0.0,0.0,0.0,0.0,0.0,0.0,0.0,0.0,0.0,0.0,1.93,0.0,0.0,0.0,20.0,2.89,0.0,0.0,0.0,0.2,0.45,0.96,0.0,1.5,0.0,0.0,1.5,0.0,0.18,0.4569,0.0652
01/01/2019 09:00,0.7,0.0,1.31,0.0,0.0,0.0,0.0,1.95,0.06,0.0,0.0,0.0,0.0,0.0,0.0,0.0,0.0,0.0,0.0,0.0,0.0,0.0,20.0,3.6,0.0,0.0,0.0,0.0,0.18,0.4,0.37,0.0,0.0,0.0,0.0,0.0,0.18,0.4497,-0.0
01/01/2019 10:00,0.7,0.0,0.97,0.0,0.0,0.0,0.0,1.31,0.36,0.0,0.0,0.0,0.0,0.0,0.0,0.0,0.0,0.0,0.0,0.0,0.0,0.0,20.0,2.71,0.0,0.0,0.0,0.0,0.18,0.4,2.13,0.0,0.0,0.0,0.0,0.0,0.18,0.4427,-0.0
01/01/2019 11:00,0.7,0.0,0.62,0.0,0.0,0.0,0.0,0.64,0.68,0.0,0.0,0.0,0.0,0.0,0.0,0.0,0.0,0.0,0.0,0.0,0.0,0.0,20.0,1.75,0.0,0.0,0.0,0.0,0.18,0.4,4.1,0.0,0.0,0.0,0.0,0.0,0.18,0.4381,-0.0
01/01/2019 12:00,0.7,0.0,0.43,0.0,0.0,0.0,0.0,0.28,0.85,0.0,0.0,0.0,0.0,0.0,0.0,0.0,0.0,0.0,0.0,0.0,0.0,0.0,20.0,1.24,0.0,0.0,0.0,0.0,0.18,0.4,5.04,0.0,0.0,0.0,0.0,0.0,0.18,0.4336,-0.0
01/01/2019 13:00,0.7,0.0,0.34,0.0,0.0,0.0,0.0,0.19,0.85,0.0,0.0,0.0,0.0,0.0,0.0,0.0,0.0,0.0,0.0,0.0,0.0,0.0,20.0,0.99,0.0,0.0,0.0,0.0,0.18,0.4,5.2,0.0,0.0,0.0,0.0,0.0,0.18,0.4314,-0.0
01/01/2019 14:00,0.7,0.0,0.44,0.0,0.0,0.0,0.0,0.47,0.67,0.0,0.0,0.0,0.0,0.0,0.0,0.0,0.0,0.0,0.0,0.0,0.0,0.0,20.0,1.26,0.0,0.0,0.0,0.0,0.18,0.4,4.07,0.0,0.0,0.0,0.0,0.0,0.18,0.4314,-0.0
01/01/2019 15:00,0.7,0.0,1.38,0.0,0.0,0.0,0.0,1.68,0.4,0.0,0.0,0.0,0.0,0.0,0.0,0.0,0.0,0.0,0.0,0.0,0.0,0.0,20.32,3.94,0.0,0.0,0.0,0.0,0.18,0.4,2.37,0.0,0.0,0.0,0.0,0.0,0.18,0.4336,-0.0
01/01/2019 16:00,0.7,0.0,2.57,0.0,0.0,0.0,0.0,3.13,0.13,0.0,0.0,0.0,0.0,0.0,0.0,0.0,0.0,0.0,0.0,0.0,0.0,0.0,21.02,7.26,0.0,0.0,0.0,0.0,0.18,0.4,0.75,0.0,0.0,0.0,0.0,0.0,0.18,0.447,-0.0
01/01/2019 17:00,2.3,0.0,0.0,0.0,0.0,0.0,0.0,2.3,0.0,0.0,0.0,0.0,0.0,0.0,0.0,0.0,0.0,0.0,0.0,0.0,0.0,0.0,20.8,0.0,0.0,0.0,0.0,0.3,0.72,1.2,0.01,0.0,0.0,0.0,0.0,0.0,0.28,0.4609,-0.0
01/01/2019 18:00,2.3,0.0,0.0,0.0,0.0,0.0,0.0,2.3,0.0,0.0,0.0,0.0,0.0,0.0,0.0,0.0,0.0,0.0,1.28,0.0,0.0,0.0,20.56,0.0,0.0,0.0,0.0,0.3,0.72,1.2,0.0,1.0,0.0,0.0,1.0,0.0,0.28,0.4752,0.0652
01/01/2019 19:00,2.3,0.0,0.0,0.0,0.0,0.0,0.0,2.3,0.0,0.0,0.0,0.0,0.0,0.0,0.0,0.0,0.0,0.0,2.57,0.0,0.0,0.0,20.29,0.0,0.0,0.0,0.0,0.3,0.72,1.2,0.0,2.0,0.0,0.0,2.0,0.0,0.28,0.4899,0.0652
01/01/2019 20:00,2.2,0.0,0.0,0.0,0.0,0.0,0.0,2.2,0.0,0.0,0.0,0.0,0.0,0.0,0.0,0.0,0.0,0.0,0.0,0.0,0.0,0.0,20.0,0.0,0.0,0.0,0.0,0.3,0.72,1.12,0.0,0.0,0.0,0.0,0.0,0.0,0.28,0.505,-0.0
01/01/2019 21:00,1.6,0.0,0.9,0.0,0.0,0.0,0.0,2.5,0.0,0.0,0.0,0.0,0.0,0.0,0.0,0.0,0.0,0.0,0.0,0.0,0.0,0.0,20.0,2.46,0.0,0.0,0.0,0.3,0.54,0.8,0.0,0.0,0.0,0.0,0.0,0.0,0.18,0.4545,-0.0
01/01/2019 22:00,1.2000000000000002,0.0,1.07,0.0,0.0,0.0,0.0,2.27,0.0,0.0,0.0,0.0,0.0,0.0,0.0,0.0,0.0,0.0,1.93,0.0,0.0,0.0,20.0,2.9,0.0,0.0,0.0,0.3,0.36,0.64,0.0,1.5,0.0,0.0,1.5,0.0,0.18,0.4569,0.0652
01/01/2019 23:00,0.7,0.0,1.31,0.0,0.0,0.0,0.0,2.01,0.0,0.0,0.0,0.0,0.0,0.0,0.0,0.0,0.0,0.0,0.0,0.0,0.0,0.0,20.0,3.52,0.0,0.0,0.0,0.2,0.18,0.4,0.0,0.0,0.0,0.0,0.0,0.0,0.18,0.4594,-0.0
01/02/2019 00:00,0.5,0.0,1.42,0.0,0.0,0.0,0.0,1.92,0.0,0.0,0.0,0.0,0.0,0.0,0.0,0.0,0.0,0.0,0.0,0.0,0.0,0.0,20.0,3.79,0.0,0.0,0.0,0.2,0.09,0.32,0.0,0.0,0.0,0.0,0.0,0.0,0.18,0.4619,-0.0
